secteur,indicateur,dataset,region,sexe,statut_residence,valeur_modalite,n,total,pourcentage,unite
Education,Niveau d’instruction,Adultes,Bankui,Femme,Hôte,Alphabétisation,8,49,16.3,%
Education,Niveau d’instruction,Adultes,Bankui,Femme,Hôte,Aucun,20,49,40.8,%
Education,Niveau d’instruction,Adultes,Bankui,Femme,Hôte,Post-primaire,2,49,4.1,%
Education,Niveau d’instruction,Adultes,Bankui,Femme,Hôte,Primaire,17,49,34.7,%
Education,Niveau d’instruction,Adultes,Bankui,Femme,Hôte,Secondaire/Lycée,1,49,2.0,%
Education,Niveau d’instruction,Adultes,Bankui,Femme,Hôte,Universitaire,1,49,2.0,%
Education,Niveau d’instruction,Adultes,Bankui,Femme,PDI,Alphabétisation,9,33,27.3,%
Education,Niveau d’instruction,Adultes,Bankui,Femme,PDI,Aucun,18,33,54.5,%
Education,Niveau d’instruction,Adultes,Bankui,Femme,PDI,Post-primaire,2,33,6.1,%
Education,Niveau d’instruction,Adultes,Bankui,Femme,PDI,Primaire,2,33,6.1,%
Education,Niveau d’instruction,Adultes,Bankui,Femme,PDI,Secondaire/Lycée,2,33,6.1,%
Education,Niveau d’instruction,Adultes,Bankui,Homme,Hôte,Alphabétisation,1,42,2.4,%
Education,Niveau d’instruction,Adultes,Bankui,Homme,Hôte,Aucun,20,42,47.6,%
Education,Niveau d’instruction,Adultes,Bankui,Homme,Hôte,Post-primaire,1,42,2.4,%
Education,Niveau d’instruction,Adultes,Bankui,Homme,Hôte,Primaire,11,42,26.2,%
Education,Niveau d’instruction,Adultes,Bankui,Homme,Hôte,Secondaire/Lycée,1,42,2.4,%
Education,Niveau d’instruction,Adultes,Bankui,Homme,Hôte,Universitaire,8,42,19.0,%
Education,Niveau d’instruction,Adultes,Bankui,Homme,PDI,Alphabétisation,1,42,2.4,%
Education,Niveau d’instruction,Adultes,Bankui,Homme,PDI,Aucun,18,42,42.9,%
Education,Niveau d’instruction,Adultes,Bankui,Homme,PDI,Post-primaire,7,42,16.7,%
Education,Niveau d’instruction,Adultes,Bankui,Homme,PDI,Primaire,13,42,31.0,%
Education,Niveau d’instruction,Adultes,Bankui,Homme,PDI,Universitaire,3,42,7.1,%
Education,Niveau d’instruction,Adultes,Goulmou,Femme,Hôte,Alphabétisation,7,65,10.8,%
Education,Niveau d’instruction,Adultes,Goulmou,Femme,Hôte,Aucun,43,65,66.2,%
Education,Niveau d’instruction,Adultes,Goulmou,Femme,Hôte,Post-primaire,8,65,12.3,%
Education,Niveau d’instruction,Adultes,Goulmou,Femme,Hôte,Primaire,5,65,7.7,%
Education,Niveau d’instruction,Adultes,Goulmou,Femme,Hôte,Secondaire/Lycée,1,65,1.5,%
Education,Niveau d’instruction,Adultes,Goulmou,Femme,Hôte,Universitaire,1,65,1.5,%
Education,Niveau d’instruction,Adultes,Goulmou,Femme,PDI,Alphabétisation,3,54,5.6,%
Education,Niveau d’instruction,Adultes,Goulmou,Femme,PDI,Aucun,46,54,85.2,%
Education,Niveau d’instruction,Adultes,Goulmou,Femme,PDI,Post-primaire,2,54,3.7,%
Education,Niveau d’instruction,Adultes,Goulmou,Femme,PDI,Primaire,2,54,3.7,%
Education,Niveau d’instruction,Adultes,Goulmou,Femme,PDI,Secondaire/Lycée,1,54,1.9,%
Education,Niveau d’instruction,Adultes,Goulmou,Femme,Retour volontaire,Primaire,1,1,100.0,%
Education,Niveau d’instruction,Adultes,Goulmou,Homme,Hôte,Aucun,27,44,61.4,%
Education,Niveau d’instruction,Adultes,Goulmou,Homme,Hôte,Post-primaire,4,44,9.1,%
Education,Niveau d’instruction,Adultes,Goulmou,Homme,Hôte,Primaire,8,44,18.2,%
Education,Niveau d’instruction,Adultes,Goulmou,Homme,Hôte,Secondaire/Lycée,4,44,9.1,%
Education,Niveau d’instruction,Adultes,Goulmou,Homme,Hôte,Universitaire,1,44,2.3,%
Education,Niveau d’instruction,Adultes,Goulmou,Homme,PDI,Aucun,26,34,76.5,%
Education,Niveau d’instruction,Adultes,Goulmou,Homme,PDI,Post-primaire,2,34,5.9,%
Education,Niveau d’instruction,Adultes,Goulmou,Homme,PDI,Primaire,5,34,14.7,%
Education,Niveau d’instruction,Adultes,Goulmou,Homme,PDI,Universitaire,1,34,2.9,%
Education,Niveau d’instruction,Adultes,Kadiogo,Femme,Hôte,Alphabétisation,1,114,0.9,%
Education,Niveau d’instruction,Adultes,Kadiogo,Femme,Hôte,Aucun,46,114,40.4,%
Education,Niveau d’instruction,Adultes,Kadiogo,Femme,Hôte,Post-primaire,21,114,18.4,%
Education,Niveau d’instruction,Adultes,Kadiogo,Femme,Hôte,Primaire,22,114,19.3,%
Education,Niveau d’instruction,Adultes,Kadiogo,Femme,Hôte,Secondaire/Lycée,20,114,17.5,%
Education,Niveau d’instruction,Adultes,Kadiogo,Femme,Hôte,Universitaire,4,114,3.5,%
Education,Niveau d’instruction,Adultes,Kadiogo,Homme,Hôte,Alphabétisation,4,123,3.3,%
Education,Niveau d’instruction,Adultes,Kadiogo,Homme,Hôte,Aucun,34,123,27.6,%
Education,Niveau d’instruction,Adultes,Kadiogo,Homme,Hôte,Post-primaire,7,123,5.7,%
Education,Niveau d’instruction,Adultes,Kadiogo,Homme,Hôte,Primaire,33,123,26.8,%
Education,Niveau d’instruction,Adultes,Kadiogo,Homme,Hôte,Secondaire/Lycée,25,123,20.3,%
Education,Niveau d’instruction,Adultes,Kadiogo,Homme,Hôte,Universitaire,20,123,16.3,%
Education,Niveau d’instruction,Adultes,Koulsé,Femme,Hôte,Alphabétisation,3,93,3.2,%
Education,Niveau d’instruction,Adultes,Koulsé,Femme,Hôte,Aucun,42,93,45.2,%
Education,Niveau d’instruction,Adultes,Koulsé,Femme,Hôte,Post-primaire,10,93,10.8,%
Education,Niveau d’instruction,Adultes,Koulsé,Femme,Hôte,Primaire,22,93,23.7,%
Education,Niveau d’instruction,Adultes,Koulsé,Femme,Hôte,Secondaire/Lycée,12,93,12.9,%
Education,Niveau d’instruction,Adultes,Koulsé,Femme,Hôte,Universitaire,2,93,2.2,%
Education,Niveau d’instruction,Adultes,Koulsé,Femme,Hôte,École Coranique,2,93,2.2,%
Education,Niveau d’instruction,Adultes,Koulsé,Femme,PDI,Alphabétisation,7,65,10.8,%
Education,Niveau d’instruction,Adultes,Koulsé,Femme,PDI,Aucun,43,65,66.2,%
Education,Niveau d’instruction,Adultes,Koulsé,Femme,PDI,Post-primaire,3,65,4.6,%
Education,Niveau d’instruction,Adultes,Koulsé,Femme,PDI,Primaire,5,65,7.7,%
Education,Niveau d’instruction,Adultes,Koulsé,Femme,PDI,Secondaire/Lycée,5,65,7.7,%
Education,Niveau d’instruction,Adultes,Koulsé,Femme,PDI,École Coranique,2,65,3.1,%
Education,Niveau d’instruction,Adultes,Koulsé,Homme,Hôte,Alphabétisation,5,94,5.3,%
Education,Niveau d’instruction,Adultes,Koulsé,Homme,Hôte,Aucun,49,94,52.1,%
Education,Niveau d’instruction,Adultes,Koulsé,Homme,Hôte,Post-primaire,1,94,1.1,%
Education,Niveau d’instruction,Adultes,Koulsé,Homme,Hôte,Primaire,23,94,24.5,%
Education,Niveau d’instruction,Adultes,Koulsé,Homme,Hôte,Secondaire/Lycée,7,94,7.4,%
Education,Niveau d’instruction,Adultes,Koulsé,Homme,Hôte,Universitaire,3,94,3.2,%
Education,Niveau d’instruction,Adultes,Koulsé,Homme,Hôte,École Coranique,6,94,6.4,%
Education,Niveau d’instruction,Adultes,Koulsé,Homme,PDI,Alphabétisation,5,65,7.7,%
Education,Niveau d’instruction,Adultes,Koulsé,Homme,PDI,Aucun,38,65,58.5,%
Education,Niveau d’instruction,Adultes,Koulsé,Homme,PDI,Primaire,10,65,15.4,%
Education,Niveau d’instruction,Adultes,Koulsé,Homme,PDI,École Coranique,12,65,18.5,%
Education,Niveau d’instruction,Adultes,Liptako,Femme,Hôte,Alphabétisation,25,65,38.5,%
Education,Niveau d’instruction,Adultes,Liptako,Femme,Hôte,Aucun,31,65,47.7,%
Education,Niveau d’instruction,Adultes,Liptako,Femme,Hôte,Primaire,5,65,7.7,%
Education,Niveau d’instruction,Adultes,Liptako,Femme,Hôte,Secondaire/Lycée,4,65,6.2,%
Education,Niveau d’instruction,Adultes,Liptako,Femme,PDI,Alphabétisation,12,68,17.6,%
Education,Niveau d’instruction,Adultes,Liptako,Femme,PDI,Aucun,49,68,72.1,%
Education,Niveau d’instruction,Adultes,Liptako,Femme,PDI,Primaire,6,68,8.8,%
Education,Niveau d’instruction,Adultes,Liptako,Femme,PDI,École Coranique,1,68,1.5,%
Education,Niveau d’instruction,Adultes,Liptako,Femme,Retour volontaire,Alphabétisation,1,3,33.3,%
Education,Niveau d’instruction,Adultes,Liptako,Femme,Retour volontaire,Aucun,2,3,66.7,%
Education,Niveau d’instruction,Adultes,Liptako,Homme,Hôte,Alphabétisation,13,81,16.0,%
Education,Niveau d’instruction,Adultes,Liptako,Homme,Hôte,Aucun,31,81,38.3,%
Education,Niveau d’instruction,Adultes,Liptako,Homme,Hôte,Post-primaire,2,81,2.5,%
Education,Niveau d’instruction,Adultes,Liptako,Homme,Hôte,Primaire,18,81,22.2,%
Education,Niveau d’instruction,Adultes,Liptako,Homme,Hôte,Secondaire/Lycée,9,81,11.1,%
Education,Niveau d’instruction,Adultes,Liptako,Homme,Hôte,Universitaire,7,81,8.6,%
Education,Niveau d’instruction,Adultes,Liptako,Homme,Hôte,École Coranique,1,81,1.2,%
Education,Niveau d’instruction,Adultes,Liptako,Homme,PDI,Alphabétisation,4,56,7.1,%
Education,Niveau d’instruction,Adultes,Liptako,Homme,PDI,Aucun,43,56,76.8,%
Education,Niveau d’instruction,Adultes,Liptako,Homme,PDI,Post-primaire,2,56,3.6,%
Education,Niveau d’instruction,Adultes,Liptako,Homme,PDI,Primaire,5,56,8.9,%
Education,Niveau d’instruction,Adultes,Liptako,Homme,PDI,Secondaire/Lycée,1,56,1.8,%
Education,Niveau d’instruction,Adultes,Liptako,Homme,PDI,École Coranique,1,56,1.8,%
Education,Niveau d’instruction,Adultes,Liptako,Homme,Retour volontaire,Aucun,1,1,100.0,%
Education,Niveau d’instruction,Adultes,Nakambé,Femme,Hôte,Alphabétisation,3,86,3.5,%
Education,Niveau d’instruction,Adultes,Nakambé,Femme,Hôte,Aucun,35,86,40.7,%
Education,Niveau d’instruction,Adultes,Nakambé,Femme,Hôte,Post-primaire,11,86,12.8,%
Education,Niveau d’instruction,Adultes,Nakambé,Femme,Hôte,Primaire,25,86,29.1,%
Education,Niveau d’instruction,Adultes,Nakambé,Femme,Hôte,Secondaire/Lycée,11,86,12.8,%
Education,Niveau d’instruction,Adultes,Nakambé,Femme,Hôte,Universitaire,1,86,1.2,%
Education,Niveau d’instruction,Adultes,Nakambé,Femme,PDI,Alphabétisation,3,54,5.6,%
Education,Niveau d’instruction,Adultes,Nakambé,Femme,PDI,Aucun,39,54,72.2,%
Education,Niveau d’instruction,Adultes,Nakambé,Femme,PDI,Post-primaire,3,54,5.6,%
Education,Niveau d’instruction,Adultes,Nakambé,Femme,PDI,Primaire,7,54,13.0,%
Education,Niveau d’instruction,Adultes,Nakambé,Femme,PDI,Secondaire/Lycée,2,54,3.7,%
Education,Niveau d’instruction,Adultes,Nakambé,Homme,Hôte,Alphabétisation,3,96,3.1,%
Education,Niveau d’instruction,Adultes,Nakambé,Homme,Hôte,Aucun,46,96,47.9,%
Education,Niveau d’instruction,Adultes,Nakambé,Homme,Hôte,Primaire,33,96,34.4,%
Education,Niveau d’instruction,Adultes,Nakambé,Homme,Hôte,Secondaire/Lycée,8,96,8.3,%
Education,Niveau d’instruction,Adultes,Nakambé,Homme,Hôte,Universitaire,6,96,6.2,%
Education,Niveau d’instruction,Adultes,Nakambé,Homme,PDI,Aucun,40,62,64.5,%
Education,Niveau d’instruction,Adultes,Nakambé,Homme,PDI,Primaire,17,62,27.4,%
Education,Niveau d’instruction,Adultes,Nakambé,Homme,PDI,Secondaire/Lycée,4,62,6.5,%
Education,Niveau d’instruction,Adultes,Nakambé,Homme,PDI,Universitaire,1,62,1.6,%
Education,Niveau d’instruction,Adultes,Yaadga,Femme,Hôte,Alphabétisation,4,103,3.9,%
Education,Niveau d’instruction,Adultes,Yaadga,Femme,Hôte,Aucun,51,103,49.5,%
Education,Niveau d’instruction,Adultes,Yaadga,Femme,Hôte,Post-primaire,9,103,8.7,%
Education,Niveau d’instruction,Adultes,Yaadga,Femme,Hôte,Primaire,24,103,23.3,%
Education,Niveau d’instruction,Adultes,Yaadga,Femme,Hôte,Secondaire/Lycée,12,103,11.7,%
Education,Niveau d’instruction,Adultes,Yaadga,Femme,Hôte,Universitaire,1,103,1.0,%
Education,Niveau d’instruction,Adultes,Yaadga,Femme,Hôte,École Coranique,2,103,1.9,%
Education,Niveau d’instruction,Adultes,Yaadga,Femme,PDI,Alphabétisation,2,69,2.9,%
Education,Niveau d’instruction,Adultes,Yaadga,Femme,PDI,Aucun,47,69,68.1,%
Education,Niveau d’instruction,Adultes,Yaadga,Femme,PDI,Primaire,14,69,20.3,%
Education,Niveau d’instruction,Adultes,Yaadga,Femme,PDI,Secondaire/Lycée,6,69,8.7,%
Education,Niveau d’instruction,Adultes,Yaadga,Homme,Hôte,Alphabétisation,6,99,6.1,%
Education,Niveau d’instruction,Adultes,Yaadga,Homme,Hôte,Aucun,48,99,48.5,%
Education,Niveau d’instruction,Adultes,Yaadga,Homme,Hôte,Post-primaire,1,99,1.0,%
Education,Niveau d’instruction,Adultes,Yaadga,Homme,Hôte,Primaire,15,99,15.2,%
Education,Niveau d’instruction,Adultes,Yaadga,Homme,Hôte,Secondaire/Lycée,10,99,10.1,%
Education,Niveau d’instruction,Adultes,Yaadga,Homme,Hôte,Universitaire,17,99,17.2,%
Education,Niveau d’instruction,Adultes,Yaadga,Homme,Hôte,École Coranique,2,99,2.0,%
Education,Niveau d’instruction,Adultes,Yaadga,Homme,PDI,Alphabétisation,4,66,6.1,%
Education,Niveau d’instruction,Adultes,Yaadga,Homme,PDI,Aucun,41,66,62.1,%
Education,Niveau d’instruction,Adultes,Yaadga,Homme,PDI,Post-primaire,1,66,1.5,%
Education,Niveau d’instruction,Adultes,Yaadga,Homme,PDI,Primaire,7,66,10.6,%
Education,Niveau d’instruction,Adultes,Yaadga,Homme,PDI,Secondaire/Lycée,6,66,9.1,%
Education,Niveau d’instruction,Adultes,Yaadga,Homme,PDI,Universitaire,2,66,3.0,%
Education,Niveau d’instruction,Adultes,Yaadga,Homme,PDI,École Coranique,5,66,7.6,%
Inclusion,Situation de handicap,Adultes,Bankui,Femme,Hôte,Non,48,49,98.0,%
Inclusion,Situation de handicap,Adultes,Bankui,Femme,Hôte,Oui,1,49,2.0,%
Inclusion,Situation de handicap,Adultes,Bankui,Femme,PDI,Non,33,33,100.0,%
Inclusion,Situation de handicap,Adultes,Bankui,Homme,Hôte,Non,40,42,95.2,%
Inclusion,Situation de handicap,Adultes,Bankui,Homme,Hôte,Oui,2,42,4.8,%
Inclusion,Situation de handicap,Adultes,Bankui,Homme,PDI,Non,41,42,97.6,%
Inclusion,Situation de handicap,Adultes,Bankui,Homme,PDI,Oui,1,42,2.4,%
Inclusion,Situation de handicap,Adultes,Goulmou,Femme,Hôte,Non,60,65,92.3,%
Inclusion,Situation de handicap,Adultes,Goulmou,Femme,Hôte,Oui,5,65,7.7,%
Inclusion,Situation de handicap,Adultes,Goulmou,Femme,PDI,Non,52,54,96.3,%
Inclusion,Situation de handicap,Adultes,Goulmou,Femme,PDI,Oui,2,54,3.7,%
Inclusion,Situation de handicap,Adultes,Goulmou,Femme,Retour volontaire,Non,1,1,100.0,%
Inclusion,Situation de handicap,Adultes,Goulmou,Homme,Hôte,Non,42,44,95.5,%
Inclusion,Situation de handicap,Adultes,Goulmou,Homme,Hôte,Oui,2,44,4.5,%
Inclusion,Situation de handicap,Adultes,Goulmou,Homme,PDI,Non,33,34,97.1,%
Inclusion,Situation de handicap,Adultes,Goulmou,Homme,PDI,Oui,1,34,2.9,%
Inclusion,Situation de handicap,Adultes,Kadiogo,Femme,Hôte,Non,110,114,96.5,%
Inclusion,Situation de handicap,Adultes,Kadiogo,Femme,Hôte,Oui,4,114,3.5,%
Inclusion,Situation de handicap,Adultes,Kadiogo,Homme,Hôte,Non,119,123,96.7,%
Inclusion,Situation de handicap,Adultes,Kadiogo,Homme,Hôte,Oui,4,123,3.3,%
Inclusion,Situation de handicap,Adultes,Koulsé,Femme,Hôte,Non,85,93,91.4,%
Inclusion,Situation de handicap,Adultes,Koulsé,Femme,Hôte,Oui,8,93,8.6,%
Inclusion,Situation de handicap,Adultes,Koulsé,Femme,PDI,Non,62,65,95.4,%
Inclusion,Situation de handicap,Adultes,Koulsé,Femme,PDI,Oui,3,65,4.6,%
Inclusion,Situation de handicap,Adultes,Koulsé,Homme,Hôte,Non,88,94,93.6,%
Inclusion,Situation de handicap,Adultes,Koulsé,Homme,Hôte,Oui,6,94,6.4,%
Inclusion,Situation de handicap,Adultes,Koulsé,Homme,PDI,Non,59,65,90.8,%
Inclusion,Situation de handicap,Adultes,Koulsé,Homme,PDI,Oui,6,65,9.2,%
Inclusion,Situation de handicap,Adultes,Liptako,Femme,Hôte,Non,56,65,86.2,%
Inclusion,Situation de handicap,Adultes,Liptako,Femme,Hôte,Oui,9,65,13.8,%
Inclusion,Situation de handicap,Adultes,Liptako,Femme,PDI,Non,55,68,80.9,%
Inclusion,Situation de handicap,Adultes,Liptako,Femme,PDI,Oui,13,68,19.1,%
Inclusion,Situation de handicap,Adultes,Liptako,Femme,Retour volontaire,Non,3,3,100.0,%
Inclusion,Situation de handicap,Adultes,Liptako,Homme,Hôte,Non,76,81,93.8,%
Inclusion,Situation de handicap,Adultes,Liptako,Homme,Hôte,Oui,5,81,6.2,%
Inclusion,Situation de handicap,Adultes,Liptako,Homme,PDI,Non,48,56,85.7,%
Inclusion,Situation de handicap,Adultes,Liptako,Homme,PDI,Oui,8,56,14.3,%
Inclusion,Situation de handicap,Adultes,Liptako,Homme,Retour volontaire,Non,1,1,100.0,%
Inclusion,Situation de handicap,Adultes,Nakambé,Femme,Hôte,Non,80,86,93.0,%
Inclusion,Situation de handicap,Adultes,Nakambé,Femme,Hôte,Oui,6,86,7.0,%
Inclusion,Situation de handicap,Adultes,Nakambé,Femme,PDI,Non,48,54,88.9,%
Inclusion,Situation de handicap,Adultes,Nakambé,Femme,PDI,Oui,6,54,11.1,%
Inclusion,Situation de handicap,Adultes,Nakambé,Homme,Hôte,Non,93,96,96.9,%
Inclusion,Situation de handicap,Adultes,Nakambé,Homme,Hôte,Oui,3,96,3.1,%
Inclusion,Situation de handicap,Adultes,Nakambé,Homme,PDI,Non,61,62,98.4,%
Inclusion,Situation de handicap,Adultes,Nakambé,Homme,PDI,Oui,1,62,1.6,%
Inclusion,Situation de handicap,Adultes,Yaadga,Femme,Hôte,Non,98,103,95.1,%
Inclusion,Situation de handicap,Adultes,Yaadga,Femme,Hôte,Oui,5,103,4.9,%
Inclusion,Situation de handicap,Adultes,Yaadga,Femme,PDI,Non,64,69,92.8,%
Inclusion,Situation de handicap,Adultes,Yaadga,Femme,PDI,Oui,5,69,7.2,%
Inclusion,Situation de handicap,Adultes,Yaadga,Homme,Hôte,Non,97,99,98.0,%
Inclusion,Situation de handicap,Adultes,Yaadga,Homme,Hôte,Oui,2,99,2.0,%
Inclusion,Situation de handicap,Adultes,Yaadga,Homme,PDI,Non,63,66,95.5,%
Inclusion,Situation de handicap,Adultes,Yaadga,Homme,PDI,Oui,3,66,4.5,%
Protection,Statut matrimonial,Adultes,Bankui,Femme,Hôte,Divorcé.e,4,49,8.2,%
Protection,Statut matrimonial,Adultes,Bankui,Femme,Hôte,Marié.e monogame,30,49,61.2,%
Protection,Statut matrimonial,Adultes,Bankui,Femme,Hôte,Marié.e polygame,13,49,26.5,%
Protection,Statut matrimonial,Adultes,Bankui,Femme,Hôte,Veuf.ve,2,49,4.1,%
Protection,Statut matrimonial,Adultes,Bankui,Femme,PDI,Célibataire,1,33,3.0,%
Protection,Statut matrimonial,Adultes,Bankui,Femme,PDI,Divorcé.e,1,33,3.0,%
Protection,Statut matrimonial,Adultes,Bankui,Femme,PDI,Marié.e monogame,15,33,45.5,%
Protection,Statut matrimonial,Adultes,Bankui,Femme,PDI,Marié.e polygame,11,33,33.3,%
Protection,Statut matrimonial,Adultes,Bankui,Femme,PDI,Veuf.ve,5,33,15.2,%
Protection,Statut matrimonial,Adultes,Bankui,Homme,Hôte,Célibataire,2,42,4.8,%
Protection,Statut matrimonial,Adultes,Bankui,Homme,Hôte,Marié.e monogame,26,42,61.9,%
Protection,Statut matrimonial,Adultes,Bankui,Homme,Hôte,Marié.e polygame,13,42,31.0,%
Protection,Statut matrimonial,Adultes,Bankui,Homme,Hôte,Veuf.ve,1,42,2.4,%
Protection,Statut matrimonial,Adultes,Bankui,Homme,PDI,Célibataire,1,42,2.4,%
Protection,Statut matrimonial,Adultes,Bankui,Homme,PDI,Marié.e monogame,26,42,61.9,%
Protection,Statut matrimonial,Adultes,Bankui,Homme,PDI,Marié.e polygame,15,42,35.7,%
Protection,Statut matrimonial,Adultes,Goulmou,Femme,Hôte,Divorcé.e,1,65,1.5,%
Protection,Statut matrimonial,Adultes,Goulmou,Femme,Hôte,Marié.e monogame,33,65,50.8,%
Protection,Statut matrimonial,Adultes,Goulmou,Femme,Hôte,Marié.e polygame,15,65,23.1,%
Protection,Statut matrimonial,Adultes,Goulmou,Femme,Hôte,Veuf.ve,16,65,24.6,%
Protection,Statut matrimonial,Adultes,Goulmou,Femme,PDI,Marié.e monogame,32,54,59.3,%
Protection,Statut matrimonial,Adultes,Goulmou,Femme,PDI,Marié.e polygame,10,54,18.5,%
Protection,Statut matrimonial,Adultes,Goulmou,Femme,PDI,Veuf.ve,12,54,22.2,%
Protection,Statut matrimonial,Adultes,Goulmou,Femme,Retour volontaire,Marié.e polygame,1,1,100.0,%
Protection,Statut matrimonial,Adultes,Goulmou,Homme,Hôte,Célibataire,2,44,4.5,%
Protection,Statut matrimonial,Adultes,Goulmou,Homme,Hôte,Divorcé.e,1,44,2.3,%
Protection,Statut matrimonial,Adultes,Goulmou,Homme,Hôte,Marié.e monogame,26,44,59.1,%
Protection,Statut matrimonial,Adultes,Goulmou,Homme,Hôte,Marié.e polygame,13,44,29.5,%
Protection,Statut matrimonial,Adultes,Goulmou,Homme,Hôte,Veuf.ve,2,44,4.5,%
Protection,Statut matrimonial,Adultes,Goulmou,Homme,PDI,Célibataire,1,34,2.9,%
Protection,Statut matrimonial,Adultes,Goulmou,Homme,PDI,Marié.e monogame,19,34,55.9,%
Protection,Statut matrimonial,Adultes,Goulmou,Homme,PDI,Marié.e polygame,13,34,38.2,%
Protection,Statut matrimonial,Adultes,Goulmou,Homme,PDI,Veuf.ve,1,34,2.9,%
Protection,Statut matrimonial,Adultes,Kadiogo,Femme,Hôte,Célibataire,3,114,2.6,%
Protection,Statut matrimonial,Adultes,Kadiogo,Femme,Hôte,Divorcé.e,1,114,0.9,%
Protection,Statut matrimonial,Adultes,Kadiogo,Femme,Hôte,Marié.e monogame,78,114,68.4,%
Protection,Statut matrimonial,Adultes,Kadiogo,Femme,Hôte,Marié.e polygame,21,114,18.4,%
Protection,Statut matrimonial,Adultes,Kadiogo,Femme,Hôte,Veuf.ve,11,114,9.6,%
Protection,Statut matrimonial,Adultes,Kadiogo,Homme,Hôte,Célibataire,12,123,9.8,%
Protection,Statut matrimonial,Adultes,Kadiogo,Homme,Hôte,Marié.e monogame,99,123,80.5,%
Protection,Statut matrimonial,Adultes,Kadiogo,Homme,Hôte,Marié.e polygame,9,123,7.3,%
Protection,Statut matrimonial,Adultes,Kadiogo,Homme,Hôte,Veuf.ve,3,123,2.4,%
Protection,Statut matrimonial,Adultes,Koulsé,Femme,Hôte,Célibataire,2,93,2.2,%
Protection,Statut matrimonial,Adultes,Koulsé,Femme,Hôte,Divorcé.e,1,93,1.1,%
Protection,Statut matrimonial,Adultes,Koulsé,Femme,Hôte,Marié.e monogame,58,93,62.4,%
Protection,Statut matrimonial,Adultes,Koulsé,Femme,Hôte,Marié.e polygame,16,93,17.2,%
Protection,Statut matrimonial,Adultes,Koulsé,Femme,Hôte,Veuf.ve,16,93,17.2,%
Protection,Statut matrimonial,Adultes,Koulsé,Femme,PDI,Marié.e monogame,24,65,36.9,%
Protection,Statut matrimonial,Adultes,Koulsé,Femme,PDI,Marié.e polygame,33,65,50.8,%
Protection,Statut matrimonial,Adultes,Koulsé,Femme,PDI,Veuf.ve,8,65,12.3,%
Protection,Statut matrimonial,Adultes,Koulsé,Homme,Hôte,Célibataire,5,94,5.3,%
Protection,Statut matrimonial,Adultes,Koulsé,Homme,Hôte,Divorcé.e,3,94,3.2,%
Protection,Statut matrimonial,Adultes,Koulsé,Homme,Hôte,Marié.e monogame,62,94,66.0,%
Protection,Statut matrimonial,Adultes,Koulsé,Homme,Hôte,Marié.e polygame,23,94,24.5,%
Protection,Statut matrimonial,Adultes,Koulsé,Homme,Hôte,Veuf.ve,1,94,1.1,%
Protection,Statut matrimonial,Adultes,Koulsé,Homme,PDI,Célibataire,1,65,1.5,%
Protection,Statut matrimonial,Adultes,Koulsé,Homme,PDI,Marié.e monogame,21,65,32.3,%
Protection,Statut matrimonial,Adultes,Koulsé,Homme,PDI,Marié.e polygame,43,65,66.2,%
Protection,Statut matrimonial,Adultes,Liptako,Femme,Hôte,Célibataire,3,65,4.6,%
Protection,Statut matrimonial,Adultes,Liptako,Femme,Hôte,Marié.e monogame,44,65,67.7,%
Protection,Statut matrimonial,Adultes,Liptako,Femme,Hôte,Marié.e polygame,11,65,16.9,%
Protection,Statut matrimonial,Adultes,Liptako,Femme,Hôte,Veuf.ve,7,65,10.8,%
Protection,Statut matrimonial,Adultes,Liptako,Femme,PDI,Célibataire,3,68,4.4,%
Protection,Statut matrimonial,Adultes,Liptako,Femme,PDI,Divorcé.e,3,68,4.4,%
Protection,Statut matrimonial,Adultes,Liptako,Femme,PDI,Marié.e monogame,33,68,48.5,%
Protection,Statut matrimonial,Adultes,Liptako,Femme,PDI,Marié.e polygame,19,68,27.9,%
Protection,Statut matrimonial,Adultes,Liptako,Femme,PDI,Veuf.ve,10,68,14.7,%
Protection,Statut matrimonial,Adultes,Liptako,Femme,Retour volontaire,Marié.e monogame,2,3,66.7,%
Protection,Statut matrimonial,Adultes,Liptako,Femme,Retour volontaire,Marié.e polygame,1,3,33.3,%
Protection,Statut matrimonial,Adultes,Liptako,Homme,Hôte,Célibataire,14,81,17.3,%
Protection,Statut matrimonial,Adultes,Liptako,Homme,Hôte,Divorcé.e,1,81,1.2,%
Protection,Statut matrimonial,Adultes,Liptako,Homme,Hôte,Marié.e monogame,52,81,64.2,%
Protection,Statut matrimonial,Adultes,Liptako,Homme,Hôte,Marié.e polygame,12,81,14.8,%
Protection,Statut matrimonial,Adultes,Liptako,Homme,Hôte,Veuf.ve,2,81,2.5,%
Protection,Statut matrimonial,Adultes,Liptako,Homme,PDI,Célibataire,10,56,17.9,%
Protection,Statut matrimonial,Adultes,Liptako,Homme,PDI,Marié.e monogame,27,56,48.2,%
Protection,Statut matrimonial,Adultes,Liptako,Homme,PDI,Marié.e polygame,19,56,33.9,%
Protection,Statut matrimonial,Adultes,Liptako,Homme,Retour volontaire,Marié.e monogame,1,1,100.0,%
Protection,Statut matrimonial,Adultes,Nakambé,Femme,Hôte,Célibataire,5,86,5.8,%
Protection,Statut matrimonial,Adultes,Nakambé,Femme,Hôte,Marié.e monogame,56,86,65.1,%
Protection,Statut matrimonial,Adultes,Nakambé,Femme,Hôte,Marié.e polygame,19,86,22.1,%
Protection,Statut matrimonial,Adultes,Nakambé,Femme,Hôte,Veuf.ve,6,86,7.0,%
Protection,Statut matrimonial,Adultes,Nakambé,Femme,PDI,Célibataire,3,54,5.6,%
Protection,Statut matrimonial,Adultes,Nakambé,Femme,PDI,Marié.e monogame,29,54,53.7,%
Protection,Statut matrimonial,Adultes,Nakambé,Femme,PDI,Marié.e polygame,9,54,16.7,%
Protection,Statut matrimonial,Adultes,Nakambé,Femme,PDI,Veuf.ve,13,54,24.1,%
Protection,Statut matrimonial,Adultes,Nakambé,Homme,Hôte,Célibataire,9,96,9.4,%
Protection,Statut matrimonial,Adultes,Nakambé,Homme,Hôte,Marié.e monogame,66,96,68.8,%
Protection,Statut matrimonial,Adultes,Nakambé,Homme,Hôte,Marié.e polygame,19,96,19.8,%
Protection,Statut matrimonial,Adultes,Nakambé,Homme,Hôte,Veuf.ve,2,96,2.1,%
Protection,Statut matrimonial,Adultes,Nakambé,Homme,PDI,Célibataire,3,62,4.8,%
Protection,Statut matrimonial,Adultes,Nakambé,Homme,PDI,Marié.e monogame,47,62,75.8,%
Protection,Statut matrimonial,Adultes,Nakambé,Homme,PDI,Marié.e polygame,10,62,16.1,%
Protection,Statut matrimonial,Adultes,Nakambé,Homme,PDI,Veuf.ve,2,62,3.2,%
Protection,Statut matrimonial,Adultes,Yaadga,Femme,Hôte,Célibataire,1,103,1.0,%
Protection,Statut matrimonial,Adultes,Yaadga,Femme,Hôte,Divorcé.e,4,103,3.9,%
Protection,Statut matrimonial,Adultes,Yaadga,Femme,Hôte,Marié.e monogame,45,103,43.7,%
Protection,Statut matrimonial,Adultes,Yaadga,Femme,Hôte,Marié.e polygame,43,103,41.7,%
Protection,Statut matrimonial,Adultes,Yaadga,Femme,Hôte,Veuf.ve,10,103,9.7,%
Protection,Statut matrimonial,Adultes,Yaadga,Femme,PDI,Marié.e monogame,35,69,50.7,%
Protection,Statut matrimonial,Adultes,Yaadga,Femme,PDI,Marié.e polygame,24,69,34.8,%
Protection,Statut matrimonial,Adultes,Yaadga,Femme,PDI,Veuf.ve,10,69,14.5,%
Protection,Statut matrimonial,Adultes,Yaadga,Homme,Hôte,Célibataire,2,99,2.0,%
Protection,Statut matrimonial,Adultes,Yaadga,Homme,Hôte,Divorcé.e,1,99,1.0,%
Protection,Statut matrimonial,Adultes,Yaadga,Homme,Hôte,Marié.e monogame,66,99,66.7,%
Protection,Statut matrimonial,Adultes,Yaadga,Homme,Hôte,Marié.e polygame,26,99,26.3,%
Protection,Statut matrimonial,Adultes,Yaadga,Homme,Hôte,Veuf.ve,4,99,4.0,%
Protection,Statut matrimonial,Adultes,Yaadga,Homme,PDI,Célibataire,2,66,3.0,%
Protection,Statut matrimonial,Adultes,Yaadga,Homme,PDI,Marié.e monogame,31,66,47.0,%
Protection,Statut matrimonial,Adultes,Yaadga,Homme,PDI,Marié.e polygame,33,66,50.0,%
Education,Niveau d’instruction,Adolescent.e.s,Bankui,Filles,Déplacé.e interne,Aucun,2,30,6.7,%
Education,Niveau d’instruction,Adolescent.e.s,Bankui,Filles,Déplacé.e interne,Post-primaire,2,30,6.7,%
Education,Niveau d’instruction,Adolescent.e.s,Bankui,Filles,Déplacé.e interne,Primaire,12,30,40.0,%
Education,Niveau d’instruction,Adolescent.e.s,Bankui,Filles,Déplacé.e interne,Secondaire/Lycée,14,30,46.7,%
Education,Niveau d’instruction,Adolescent.e.s,Bankui,Filles,Hôte,Aucun,6,49,12.2,%
Education,Niveau d’instruction,Adolescent.e.s,Bankui,Filles,Hôte,Post-primaire,2,49,4.1,%
Education,Niveau d’instruction,Adolescent.e.s,Bankui,Filles,Hôte,Primaire,8,49,16.3,%
Education,Niveau d’instruction,Adolescent.e.s,Bankui,Filles,Hôte,Secondaire/Lycée,33,49,67.3,%
Education,Niveau d’instruction,Adolescent.e.s,Bankui,Garçons,Déplacé.e interne,Aucun,15,37,40.5,%
Education,Niveau d’instruction,Adolescent.e.s,Bankui,Garçons,Déplacé.e interne,Post-primaire,6,37,16.2,%
Education,Niveau d’instruction,Adolescent.e.s,Bankui,Garçons,Déplacé.e interne,Primaire,9,37,24.3,%
Education,Niveau d’instruction,Adolescent.e.s,Bankui,Garçons,Déplacé.e interne,Secondaire/Lycée,7,37,18.9,%
Education,Niveau d’instruction,Adolescent.e.s,Bankui,Garçons,Hôte,Alphabétisation,2,49,4.1,%
Education,Niveau d’instruction,Adolescent.e.s,Bankui,Garçons,Hôte,Aucun,14,49,28.6,%
Education,Niveau d’instruction,Adolescent.e.s,Bankui,Garçons,Hôte,Post-primaire,2,49,4.1,%
Education,Niveau d’instruction,Adolescent.e.s,Bankui,Garçons,Hôte,Primaire,13,49,26.5,%
Education,Niveau d’instruction,Adolescent.e.s,Bankui,Garçons,Hôte,Secondaire/Lycée,18,49,36.7,%
Education,Niveau d’instruction,Adolescent.e.s,Goulmou,Filles,Déplacé.e interne,Alphabétisation,1,42,2.4,%
Education,Niveau d’instruction,Adolescent.e.s,Goulmou,Filles,Déplacé.e interne,Aucun,14,42,33.3,%
Education,Niveau d’instruction,Adolescent.e.s,Goulmou,Filles,Déplacé.e interne,Post-primaire,13,42,31.0,%
Education,Niveau d’instruction,Adolescent.e.s,Goulmou,Filles,Déplacé.e interne,Primaire,7,42,16.7,%
Education,Niveau d’instruction,Adolescent.e.s,Goulmou,Filles,Déplacé.e interne,Secondaire/Lycée,7,42,16.7,%
Education,Niveau d’instruction,Adolescent.e.s,Goulmou,Filles,Hôte,Alphabétisation,1,68,1.5,%
Education,Niveau d’instruction,Adolescent.e.s,Goulmou,Filles,Hôte,Aucun,15,68,22.1,%
Education,Niveau d’instruction,Adolescent.e.s,Goulmou,Filles,Hôte,Post-primaire,19,68,27.9,%
Education,Niveau d’instruction,Adolescent.e.s,Goulmou,Filles,Hôte,Primaire,7,68,10.3,%
Education,Niveau d’instruction,Adolescent.e.s,Goulmou,Filles,Hôte,Secondaire/Lycée,26,68,38.2,%
Education,Niveau d’instruction,Adolescent.e.s,Goulmou,Garçons,Déplacé.e interne,Alphabétisation,2,52,3.8,%
Education,Niveau d’instruction,Adolescent.e.s,Goulmou,Garçons,Déplacé.e interne,Aucun,22,52,42.3,%
Education,Niveau d’instruction,Adolescent.e.s,Goulmou,Garçons,Déplacé.e interne,Post-primaire,9,52,17.3,%
Education,Niveau d’instruction,Adolescent.e.s,Goulmou,Garçons,Déplacé.e interne,Primaire,6,52,11.5,%
Education,Niveau d’instruction,Adolescent.e.s,Goulmou,Garçons,Déplacé.e interne,Secondaire/Lycée,12,52,23.1,%
Education,Niveau d’instruction,Adolescent.e.s,Goulmou,Garçons,Déplacé.e interne,École coranique,1,52,1.9,%
Education,Niveau d’instruction,Adolescent.e.s,Goulmou,Garçons,Hôte,Alphabétisation,2,89,2.2,%
Education,Niveau d’instruction,Adolescent.e.s,Goulmou,Garçons,Hôte,Aucun,23,89,25.8,%
Education,Niveau d’instruction,Adolescent.e.s,Goulmou,Garçons,Hôte,Post-primaire,25,89,28.1,%
Education,Niveau d’instruction,Adolescent.e.s,Goulmou,Garçons,Hôte,Primaire,10,89,11.2,%
Education,Niveau d’instruction,Adolescent.e.s,Goulmou,Garçons,Hôte,Secondaire/Lycée,29,89,32.6,%
Education,Niveau d’instruction,Adolescent.e.s,Kadiogo,Filles,Hôte,Aucun,4,111,3.6,%
Education,Niveau d’instruction,Adolescent.e.s,Kadiogo,Filles,Hôte,Post-primaire,19,111,17.1,%
Education,Niveau d’instruction,Adolescent.e.s,Kadiogo,Filles,Hôte,Primaire,15,111,13.5,%
Education,Niveau d’instruction,Adolescent.e.s,Kadiogo,Filles,Hôte,Secondaire/Lycée,73,111,65.8,%
Education,Niveau d’instruction,Adolescent.e.s,Kadiogo,Garçons,Hôte,Alphabétisation,2,165,1.2,%
Education,Niveau d’instruction,Adolescent.e.s,Kadiogo,Garçons,Hôte,Aucun,8,165,4.8,%
Education,Niveau d’instruction,Adolescent.e.s,Kadiogo,Garçons,Hôte,Post-primaire,38,165,23.0,%
Education,Niveau d’instruction,Adolescent.e.s,Kadiogo,Garçons,Hôte,Primaire,21,165,12.7,%
Education,Niveau d’instruction,Adolescent.e.s,Kadiogo,Garçons,Hôte,Secondaire/Lycée,96,165,58.2,%
Education,Niveau d’instruction,Adolescent.e.s,Koulsé,Filles,Déplacé.e interne,Alphabétisation,5,61,8.2,%
Education,Niveau d’instruction,Adolescent.e.s,Koulsé,Filles,Déplacé.e interne,Aucun,22,61,36.1,%
Education,Niveau d’instruction,Adolescent.e.s,Koulsé,Filles,Déplacé.e interne,Post-primaire,8,61,13.1,%
Education,Niveau d’instruction,Adolescent.e.s,Koulsé,Filles,Déplacé.e interne,Primaire,16,61,26.2,%
Education,Niveau d’instruction,Adolescent.e.s,Koulsé,Filles,Déplacé.e interne,Secondaire/Lycée,7,61,11.5,%
Education,Niveau d’instruction,Adolescent.e.s,Koulsé,Filles,Déplacé.e interne,École coranique,3,61,4.9,%
Education,Niveau d’instruction,Adolescent.e.s,Koulsé,Filles,Hôte,Aucun,9,88,10.2,%
Education,Niveau d’instruction,Adolescent.e.s,Koulsé,Filles,Hôte,Post-primaire,21,88,23.9,%
Education,Niveau d’instruction,Adolescent.e.s,Koulsé,Filles,Hôte,Primaire,13,88,14.8,%
Education,Niveau d’instruction,Adolescent.e.s,Koulsé,Filles,Hôte,Secondaire/Lycée,43,88,48.9,%
Education,Niveau d’instruction,Adolescent.e.s,Koulsé,Filles,Hôte,École coranique,2,88,2.3,%
Education,Niveau d’instruction,Adolescent.e.s,Koulsé,Garçons,Déplacé.e interne,Aucun,23,65,35.4,%
Education,Niveau d’instruction,Adolescent.e.s,Koulsé,Garçons,Déplacé.e interne,Post-primaire,11,65,16.9,%
Education,Niveau d’instruction,Adolescent.e.s,Koulsé,Garçons,Déplacé.e interne,Primaire,19,65,29.2,%
Education,Niveau d’instruction,Adolescent.e.s,Koulsé,Garçons,Déplacé.e interne,Secondaire/Lycée,5,65,7.7,%
Education,Niveau d’instruction,Adolescent.e.s,Koulsé,Garçons,Déplacé.e interne,École coranique,7,65,10.8,%
Education,Niveau d’instruction,Adolescent.e.s,Koulsé,Garçons,Hôte,Alphabétisation,1,95,1.1,%
Education,Niveau d’instruction,Adolescent.e.s,Koulsé,Garçons,Hôte,Aucun,19,95,20.0,%
Education,Niveau d’instruction,Adolescent.e.s,Koulsé,Garçons,Hôte,Post-primaire,21,95,22.1,%
Education,Niveau d’instruction,Adolescent.e.s,Koulsé,Garçons,Hôte,Primaire,30,95,31.6,%
Education,Niveau d’instruction,Adolescent.e.s,Koulsé,Garçons,Hôte,Secondaire/Lycée,24,95,25.3,%
Education,Niveau d’instruction,Adolescent.e.s,Liptako,Filles,Déplacé.e interne,Alphabétisation,4,38,10.5,%
Education,Niveau d’instruction,Adolescent.e.s,Liptako,Filles,Déplacé.e interne,Aucun,15,38,39.5,%
Education,Niveau d’instruction,Adolescent.e.s,Liptako,Filles,Déplacé.e interne,Primaire,11,38,28.9,%
Education,Niveau d’instruction,Adolescent.e.s,Liptako,Filles,Déplacé.e interne,Secondaire/Lycée,6,38,15.8,%
Education,Niveau d’instruction,Adolescent.e.s,Liptako,Filles,Déplacé.e interne,École coranique,2,38,5.3,%
Education,Niveau d’instruction,Adolescent.e.s,Liptako,Filles,Hôte,Alphabétisation,6,73,8.2,%
Education,Niveau d’instruction,Adolescent.e.s,Liptako,Filles,Hôte,Aucun,18,73,24.7,%
Education,Niveau d’instruction,Adolescent.e.s,Liptako,Filles,Hôte,Post-primaire,2,73,2.7,%
Education,Niveau d’instruction,Adolescent.e.s,Liptako,Filles,Hôte,Primaire,18,73,24.7,%
Education,Niveau d’instruction,Adolescent.e.s,Liptako,Filles,Hôte,Secondaire/Lycée,29,73,39.7,%
Education,Niveau d’instruction,Adolescent.e.s,Liptako,Filles,Retour volontaire,Post-primaire,2,3,66.7,%
Education,Niveau d’instruction,Adolescent.e.s,Liptako,Filles,Retour volontaire,Secondaire/Lycée,1,3,33.3,%
Education,Niveau d’instruction,Adolescent.e.s,Liptako,Garçons,Déplacé.e interne,Alphabétisation,5,48,10.4,%
Education,Niveau d’instruction,Adolescent.e.s,Liptako,Garçons,Déplacé.e interne,Aucun,21,48,43.8,%
Education,Niveau d’instruction,Adolescent.e.s,Liptako,Garçons,Déplacé.e interne,Post-primaire,4,48,8.3,%
Education,Niveau d’instruction,Adolescent.e.s,Liptako,Garçons,Déplacé.e interne,Primaire,12,48,25.0,%
Education,Niveau d’instruction,Adolescent.e.s,Liptako,Garçons,Déplacé.e interne,Secondaire/Lycée,5,48,10.4,%
Education,Niveau d’instruction,Adolescent.e.s,Liptako,Garçons,Déplacé.e interne,École coranique,1,48,2.1,%
Education,Niveau d’instruction,Adolescent.e.s,Liptako,Garçons,Hôte,Alphabétisation,2,61,3.3,%
Education,Niveau d’instruction,Adolescent.e.s,Liptako,Garçons,Hôte,Aucun,15,61,24.6,%
Education,Niveau d’instruction,Adolescent.e.s,Liptako,Garçons,Hôte,Post-primaire,5,61,8.2,%
Education,Niveau d’instruction,Adolescent.e.s,Liptako,Garçons,Hôte,Primaire,17,61,27.9,%
Education,Niveau d’instruction,Adolescent.e.s,Liptako,Garçons,Hôte,Secondaire/Lycée,21,61,34.4,%
Education,Niveau d’instruction,Adolescent.e.s,Liptako,Garçons,Hôte,École coranique,1,61,1.6,%
Education,Niveau d’instruction,Adolescent.e.s,Liptako,Garçons,Retour volontaire,Alphabétisation,1,1,100.0,%
Education,Niveau d’instruction,Adolescent.e.s,Nakambé,Filles,Déplacé.e interne,Aucun,15,57,26.3,%
Education,Niveau d’instruction,Adolescent.e.s,Nakambé,Filles,Déplacé.e interne,Post-primaire,8,57,14.0,%
Education,Niveau d’instruction,Adolescent.e.s,Nakambé,Filles,Déplacé.e interne,Primaire,16,57,28.1,%
Education,Niveau d’instruction,Adolescent.e.s,Nakambé,Filles,Déplacé.e interne,Secondaire/Lycée,18,57,31.6,%
Education,Niveau d’instruction,Adolescent.e.s,Nakambé,Filles,Hôte,Alphabétisation,3,82,3.7,%
Education,Niveau d’instruction,Adolescent.e.s,Nakambé,Filles,Hôte,Aucun,6,82,7.3,%
Education,Niveau d’instruction,Adolescent.e.s,Nakambé,Filles,Hôte,Post-primaire,19,82,23.2,%
Education,Niveau d’instruction,Adolescent.e.s,Nakambé,Filles,Hôte,Primaire,17,82,20.7,%
Education,Niveau d’instruction,Adolescent.e.s,Nakambé,Filles,Hôte,Secondaire/Lycée,37,82,45.1,%
Education,Niveau d’instruction,Adolescent.e.s,Nakambé,Garçons,Déplacé.e interne,Alphabétisation,1,59,1.7,%
Education,Niveau d’instruction,Adolescent.e.s,Nakambé,Garçons,Déplacé.e interne,Aucun,21,59,35.6,%
Education,Niveau d’instruction,Adolescent.e.s,Nakambé,Garçons,Déplacé.e interne,Primaire,24,59,40.7,%
Education,Niveau d’instruction,Adolescent.e.s,Nakambé,Garçons,Déplacé.e interne,Secondaire/Lycée,13,59,22.0,%
Education,Niveau d’instruction,Adolescent.e.s,Nakambé,Garçons,Hôte,Alphabétisation,5,94,5.3,%
Education,Niveau d’instruction,Adolescent.e.s,Nakambé,Garçons,Hôte,Aucun,21,94,22.3,%
Education,Niveau d’instruction,Adolescent.e.s,Nakambé,Garçons,Hôte,Primaire,28,94,29.8,%
Education,Niveau d’instruction,Adolescent.e.s,Nakambé,Garçons,Hôte,Secondaire/Lycée,40,94,42.6,%
Education,Niveau d’instruction,Adolescent.e.s,Yaadga,Filles,Déplacé.e interne,Alphabétisation,3,68,4.4,%
Education,Niveau d’instruction,Adolescent.e.s,Yaadga,Filles,Déplacé.e interne,Aucun,23,68,33.8,%
Education,Niveau d’instruction,Adolescent.e.s,Yaadga,Filles,Déplacé.e interne,Post-primaire,8,68,11.8,%
Education,Niveau d’instruction,Adolescent.e.s,Yaadga,Filles,Déplacé.e interne,Primaire,23,68,33.8,%
Education,Niveau d’instruction,Adolescent.e.s,Yaadga,Filles,Déplacé.e interne,Secondaire/Lycée,10,68,14.7,%
Education,Niveau d’instruction,Adolescent.e.s,Yaadga,Filles,Déplacé.e interne,École coranique,1,68,1.5,%
Education,Niveau d’instruction,Adolescent.e.s,Yaadga,Filles,Hôte,Alphabétisation,3,103,2.9,%
Education,Niveau d’instruction,Adolescent.e.s,Yaadga,Filles,Hôte,Aucun,11,103,10.7,%
Education,Niveau d’instruction,Adolescent.e.s,Yaadga,Filles,Hôte,Post-primaire,24,103,23.3,%
Education,Niveau d’instruction,Adolescent.e.s,Yaadga,Filles,Hôte,Primaire,37,103,35.9,%
Education,Niveau d’instruction,Adolescent.e.s,Yaadga,Filles,Hôte,Secondaire/Lycée,27,103,26.2,%
Education,Niveau d’instruction,Adolescent.e.s,Yaadga,Filles,Hôte,École coranique,1,103,1.0,%
Education,Niveau d’instruction,Adolescent.e.s,Yaadga,Filles,Retour volontaire,Primaire,1,1,100.0,%
Education,Niveau d’instruction,Adolescent.e.s,Yaadga,Garçons,Déplacé.e interne,Alphabétisation,1,75,1.3,%
Education,Niveau d’instruction,Adolescent.e.s,Yaadga,Garçons,Déplacé.e interne,Aucun,32,75,42.7,%
Education,Niveau d’instruction,Adolescent.e.s,Yaadga,Garçons,Déplacé.e interne,Post-primaire,2,75,2.7,%
Education,Niveau d’instruction,Adolescent.e.s,Yaadga,Garçons,Déplacé.e interne,Primaire,21,75,28.0,%
Education,Niveau d’instruction,Adolescent.e.s,Yaadga,Garçons,Déplacé.e interne,Secondaire/Lycée,15,75,20.0,%
Education,Niveau d’instruction,Adolescent.e.s,Yaadga,Garçons,Déplacé.e interne,École coranique,4,75,5.3,%
Education,Niveau d’instruction,Adolescent.e.s,Yaadga,Garçons,Hôte,Alphabétisation,2,100,2.0,%
Education,Niveau d’instruction,Adolescent.e.s,Yaadga,Garçons,Hôte,Aucun,27,100,27.0,%
Education,Niveau d’instruction,Adolescent.e.s,Yaadga,Garçons,Hôte,Post-primaire,5,100,5.0,%
Education,Niveau d’instruction,Adolescent.e.s,Yaadga,Garçons,Hôte,Primaire,25,100,25.0,%
Education,Niveau d’instruction,Adolescent.e.s,Yaadga,Garçons,Hôte,Secondaire/Lycée,40,100,40.0,%
Education,Niveau d’instruction,Adolescent.e.s,Yaadga,Garçons,Hôte,École coranique,1,100,1.0,%
Inclusion,Situation de handicap,Adolescent.e.s,Bankui,Filles,Déplacé.e interne,Non,30,30,100.0,%
Inclusion,Situation de handicap,Adolescent.e.s,Bankui,Filles,Hôte,Non,44,49,89.8,%
Inclusion,Situation de handicap,Adolescent.e.s,Bankui,Filles,Hôte,Oui,5,49,10.2,%
Inclusion,Situation de handicap,Adolescent.e.s,Bankui,Garçons,Déplacé.e interne,Non,35,37,94.6,%
Inclusion,Situation de handicap,Adolescent.e.s,Bankui,Garçons,Déplacé.e interne,Oui,2,37,5.4,%
Inclusion,Situation de handicap,Adolescent.e.s,Bankui,Garçons,Hôte,Non,47,49,95.9,%
Inclusion,Situation de handicap,Adolescent.e.s,Bankui,Garçons,Hôte,Oui,2,49,4.1,%
Inclusion,Situation de handicap,Adolescent.e.s,Goulmou,Filles,Déplacé.e interne,Non,41,42,97.6,%
Inclusion,Situation de handicap,Adolescent.e.s,Goulmou,Filles,Déplacé.e interne,Oui,1,42,2.4,%
Inclusion,Situation de handicap,Adolescent.e.s,Goulmou,Filles,Hôte,Non,67,68,98.5,%
Inclusion,Situation de handicap,Adolescent.e.s,Goulmou,Filles,Hôte,Oui,1,68,1.5,%
Inclusion,Situation de handicap,Adolescent.e.s,Goulmou,Garçons,Déplacé.e interne,Non,51,52,98.1,%
Inclusion,Situation de handicap,Adolescent.e.s,Goulmou,Garçons,Déplacé.e interne,Oui,1,52,1.9,%
Inclusion,Situation de handicap,Adolescent.e.s,Goulmou,Garçons,Hôte,Non,86,89,96.6,%
Inclusion,Situation de handicap,Adolescent.e.s,Goulmou,Garçons,Hôte,Oui,3,89,3.4,%
Inclusion,Situation de handicap,Adolescent.e.s,Kadiogo,Filles,Hôte,Non,106,111,95.5,%
Inclusion,Situation de handicap,Adolescent.e.s,Kadiogo,Filles,Hôte,Oui,5,111,4.5,%
Inclusion,Situation de handicap,Adolescent.e.s,Kadiogo,Garçons,Hôte,Non,161,165,97.6,%
Inclusion,Situation de handicap,Adolescent.e.s,Kadiogo,Garçons,Hôte,Oui,4,165,2.4,%
Inclusion,Situation de handicap,Adolescent.e.s,Koulsé,Filles,Déplacé.e interne,Non,59,61,96.7,%
Inclusion,Situation de handicap,Adolescent.e.s,Koulsé,Filles,Déplacé.e interne,Oui,2,61,3.3,%
Inclusion,Situation de handicap,Adolescent.e.s,Koulsé,Filles,Hôte,Non,84,88,95.5,%
Inclusion,Situation de handicap,Adolescent.e.s,Koulsé,Filles,Hôte,Oui,4,88,4.5,%
Inclusion,Situation de handicap,Adolescent.e.s,Koulsé,Garçons,Déplacé.e interne,Non,61,65,93.8,%
Inclusion,Situation de handicap,Adolescent.e.s,Koulsé,Garçons,Déplacé.e interne,Oui,4,65,6.2,%
Inclusion,Situation de handicap,Adolescent.e.s,Koulsé,Garçons,Hôte,Non,93,95,97.9,%
Inclusion,Situation de handicap,Adolescent.e.s,Koulsé,Garçons,Hôte,Oui,2,95,2.1,%
Inclusion,Situation de handicap,Adolescent.e.s,Liptako,Filles,Déplacé.e interne,Non,35,38,92.1,%
Inclusion,Situation de handicap,Adolescent.e.s,Liptako,Filles,Déplacé.e interne,Oui,3,38,7.9,%
Inclusion,Situation de handicap,Adolescent.e.s,Liptako,Filles,Hôte,Non,66,73,90.4,%
Inclusion,Situation de handicap,Adolescent.e.s,Liptako,Filles,Hôte,Oui,7,73,9.6,%
Inclusion,Situation de handicap,Adolescent.e.s,Liptako,Filles,Retour volontaire,Non,3,3,100.0,%
Inclusion,Situation de handicap,Adolescent.e.s,Liptako,Garçons,Déplacé.e interne,Non,48,48,100.0,%
Inclusion,Situation de handicap,Adolescent.e.s,Liptako,Garçons,Hôte,Non,57,61,93.4,%
Inclusion,Situation de handicap,Adolescent.e.s,Liptako,Garçons,Hôte,Oui,4,61,6.6,%
Inclusion,Situation de handicap,Adolescent.e.s,Liptako,Garçons,Retour volontaire,Non,1,1,100.0,%
Inclusion,Situation de handicap,Adolescent.e.s,Nakambé,Filles,Déplacé.e interne,Non,53,57,93.0,%
Inclusion,Situation de handicap,Adolescent.e.s,Nakambé,Filles,Déplacé.e interne,Oui,4,57,7.0,%
Inclusion,Situation de handicap,Adolescent.e.s,Nakambé,Filles,Hôte,Non,76,82,92.7,%
Inclusion,Situation de handicap,Adolescent.e.s,Nakambé,Filles,Hôte,Oui,6,82,7.3,%
Inclusion,Situation de handicap,Adolescent.e.s,Nakambé,Garçons,Déplacé.e interne,Non,58,59,98.3,%
Inclusion,Situation de handicap,Adolescent.e.s,Nakambé,Garçons,Déplacé.e interne,Oui,1,59,1.7,%
Inclusion,Situation de handicap,Adolescent.e.s,Nakambé,Garçons,Hôte,Non,88,94,93.6,%
Inclusion,Situation de handicap,Adolescent.e.s,Nakambé,Garçons,Hôte,Oui,6,94,6.4,%
Inclusion,Situation de handicap,Adolescent.e.s,Yaadga,Filles,Déplacé.e interne,Non,65,68,95.6,%
Inclusion,Situation de handicap,Adolescent.e.s,Yaadga,Filles,Déplacé.e interne,Oui,3,68,4.4,%
Inclusion,Situation de handicap,Adolescent.e.s,Yaadga,Filles,Hôte,Non,94,103,91.3,%
Inclusion,Situation de handicap,Adolescent.e.s,Yaadga,Filles,Hôte,Oui,9,103,8.7,%
Inclusion,Situation de handicap,Adolescent.e.s,Yaadga,Filles,Retour volontaire,Non,1,1,100.0,%
Inclusion,Situation de handicap,Adolescent.e.s,Yaadga,Garçons,Déplacé.e interne,Non,71,75,94.7,%
Inclusion,Situation de handicap,Adolescent.e.s,Yaadga,Garçons,Déplacé.e interne,Oui,4,75,5.3,%
Inclusion,Situation de handicap,Adolescent.e.s,Yaadga,Garçons,Hôte,Non,94,100,94.0,%
Inclusion,Situation de handicap,Adolescent.e.s,Yaadga,Garçons,Hôte,Oui,6,100,6.0,%
Protection,Violence ou menace subie,Adolescent.e.s,Bankui,Filles,Déplacé.e interne,Non,30,30,100.0,%
Protection,Violence ou menace subie,Adolescent.e.s,Bankui,Filles,Hôte,Non,49,49,100.0,%
Protection,Violence ou menace subie,Adolescent.e.s,Bankui,Garçons,Déplacé.e interne,Non,32,37,86.5,%
Protection,Violence ou menace subie,Adolescent.e.s,Bankui,Garçons,Déplacé.e interne,Oui,5,37,13.5,%
Protection,Violence ou menace subie,Adolescent.e.s,Bankui,Garçons,Hôte,Non,46,49,93.9,%
Protection,Violence ou menace subie,Adolescent.e.s,Bankui,Garçons,Hôte,Oui,3,49,6.1,%
Protection,Violence ou menace subie,Adolescent.e.s,Goulmou,Filles,Déplacé.e interne,Non,40,42,95.2,%
Protection,Violence ou menace subie,Adolescent.e.s,Goulmou,Filles,Déplacé.e interne,Oui,2,42,4.8,%
Protection,Violence ou menace subie,Adolescent.e.s,Goulmou,Filles,Hôte,Non,66,68,97.1,%
Protection,Violence ou menace subie,Adolescent.e.s,Goulmou,Filles,Hôte,Oui,2,68,2.9,%
Protection,Violence ou menace subie,Adolescent.e.s,Goulmou,Garçons,Déplacé.e interne,Non,46,52,88.5,%
Protection,Violence ou menace subie,Adolescent.e.s,Goulmou,Garçons,Déplacé.e interne,Oui,6,52,11.5,%
Protection,Violence ou menace subie,Adolescent.e.s,Goulmou,Garçons,Hôte,Non,80,89,89.9,%
Protection,Violence ou menace subie,Adolescent.e.s,Goulmou,Garçons,Hôte,Oui,9,89,10.1,%
Protection,Violence ou menace subie,Adolescent.e.s,Kadiogo,Filles,Hôte,Non,104,111,93.7,%
Protection,Violence ou menace subie,Adolescent.e.s,Kadiogo,Filles,Hôte,Oui,7,111,6.3,%
Protection,Violence ou menace subie,Adolescent.e.s,Kadiogo,Garçons,Hôte,Non,158,165,95.8,%
Protection,Violence ou menace subie,Adolescent.e.s,Kadiogo,Garçons,Hôte,Oui,7,165,4.2,%
Protection,Violence ou menace subie,Adolescent.e.s,Koulsé,Filles,Déplacé.e interne,Non,61,61,100.0,%
Protection,Violence ou menace subie,Adolescent.e.s,Koulsé,Filles,Hôte,Non,88,88,100.0,%
Protection,Violence ou menace subie,Adolescent.e.s,Koulsé,Garçons,Déplacé.e interne,Non,59,65,90.8,%
Protection,Violence ou menace subie,Adolescent.e.s,Koulsé,Garçons,Déplacé.e interne,Oui,6,65,9.2,%
Protection,Violence ou menace subie,Adolescent.e.s,Koulsé,Garçons,Hôte,Non,81,95,85.3,%
Protection,Violence ou menace subie,Adolescent.e.s,Koulsé,Garçons,Hôte,Oui,14,95,14.7,%
Protection,Violence ou menace subie,Adolescent.e.s,Liptako,Filles,Déplacé.e interne,Non,37,38,97.4,%
Protection,Violence ou menace subie,Adolescent.e.s,Liptako,Filles,Déplacé.e interne,Oui,1,38,2.6,%
Protection,Violence ou menace subie,Adolescent.e.s,Liptako,Filles,Hôte,Non,71,73,97.3,%
Protection,Violence ou menace subie,Adolescent.e.s,Liptako,Filles,Hôte,Oui,2,73,2.7,%
Protection,Violence ou menace subie,Adolescent.e.s,Liptako,Filles,Retour volontaire,Non,3,3,100.0,%
Protection,Violence ou menace subie,Adolescent.e.s,Liptako,Garçons,Déplacé.e interne,Non,41,48,85.4,%
Protection,Violence ou menace subie,Adolescent.e.s,Liptako,Garçons,Déplacé.e interne,Oui,7,48,14.6,%
Protection,Violence ou menace subie,Adolescent.e.s,Liptako,Garçons,Hôte,Non,54,61,88.5,%
Protection,Violence ou menace subie,Adolescent.e.s,Liptako,Garçons,Hôte,Oui,7,61,11.5,%
Protection,Violence ou menace subie,Adolescent.e.s,Liptako,Garçons,Retour volontaire,Oui,1,1,100.0,%
Protection,Violence ou menace subie,Adolescent.e.s,Nakambé,Filles,Déplacé.e interne,Non,56,57,98.2,%
Protection,Violence ou menace subie,Adolescent.e.s,Nakambé,Filles,Déplacé.e interne,Oui,1,57,1.8,%
Protection,Violence ou menace subie,Adolescent.e.s,Nakambé,Filles,Hôte,Non,76,82,92.7,%
Protection,Violence ou menace subie,Adolescent.e.s,Nakambé,Filles,Hôte,Oui,6,82,7.3,%
Protection,Violence ou menace subie,Adolescent.e.s,Nakambé,Garçons,Déplacé.e interne,Non,51,59,86.4,%
Protection,Violence ou menace subie,Adolescent.e.s,Nakambé,Garçons,Déplacé.e interne,Oui,8,59,13.6,%
Protection,Violence ou menace subie,Adolescent.e.s,Nakambé,Garçons,Hôte,Non,90,94,95.7,%
Protection,Violence ou menace subie,Adolescent.e.s,Nakambé,Garçons,Hôte,Oui,4,94,4.3,%
Protection,Violence ou menace subie,Adolescent.e.s,Yaadga,Filles,Déplacé.e interne,Non,64,68,94.1,%
Protection,Violence ou menace subie,Adolescent.e.s,Yaadga,Filles,Déplacé.e interne,Oui,4,68,5.9,%
Protection,Violence ou menace subie,Adolescent.e.s,Yaadga,Filles,Hôte,Non,94,103,91.3,%
Protection,Violence ou menace subie,Adolescent.e.s,Yaadga,Filles,Hôte,Oui,9,103,8.7,%
Protection,Violence ou menace subie,Adolescent.e.s,Yaadga,Filles,Retour volontaire,Non,1,1,100.0,%
Protection,Violence ou menace subie,Adolescent.e.s,Yaadga,Garçons,Déplacé.e interne,Non,65,75,86.7,%
Protection,Violence ou menace subie,Adolescent.e.s,Yaadga,Garçons,Déplacé.e interne,Oui,10,75,13.3,%
Protection,Violence ou menace subie,Adolescent.e.s,Yaadga,Garçons,Hôte,Non,90,100,90.0,%
Protection,Violence ou menace subie,Adolescent.e.s,Yaadga,Garçons,Hôte,Oui,10,100,10.0,%
Education,Fréquentation scolaire actuelle,Adolescent.e.s,Bankui,Filles,Déplacé.e interne,Non,18,30,60.0,%
Education,Fréquentation scolaire actuelle,Adolescent.e.s,Bankui,Filles,Déplacé.e interne,Oui,12,30,40.0,%
Education,Fréquentation scolaire actuelle,Adolescent.e.s,Bankui,Filles,Hôte,Non,17,49,34.7,%
Education,Fréquentation scolaire actuelle,Adolescent.e.s,Bankui,Filles,Hôte,Oui,32,49,65.3,%
Education,Fréquentation scolaire actuelle,Adolescent.e.s,Bankui,Garçons,Déplacé.e interne,Non,30,37,81.1,%
Education,Fréquentation scolaire actuelle,Adolescent.e.s,Bankui,Garçons,Déplacé.e interne,Oui,7,37,18.9,%
Education,Fréquentation scolaire actuelle,Adolescent.e.s,Bankui,Garçons,Hôte,Non,36,49,73.5,%
Education,Fréquentation scolaire actuelle,Adolescent.e.s,Bankui,Garçons,Hôte,Oui,13,49,26.5,%
Education,Fréquentation scolaire actuelle,Adolescent.e.s,Goulmou,Filles,Déplacé.e interne,Non,25,42,59.5,%
Education,Fréquentation scolaire actuelle,Adolescent.e.s,Goulmou,Filles,Déplacé.e interne,Oui,17,42,40.5,%
Education,Fréquentation scolaire actuelle,Adolescent.e.s,Goulmou,Filles,Hôte,Non,24,68,35.3,%
Education,Fréquentation scolaire actuelle,Adolescent.e.s,Goulmou,Filles,Hôte,Oui,44,68,64.7,%
Education,Fréquentation scolaire actuelle,Adolescent.e.s,Goulmou,Garçons,Déplacé.e interne,Non,38,52,73.1,%
Education,Fréquentation scolaire actuelle,Adolescent.e.s,Goulmou,Garçons,Déplacé.e interne,Oui,14,52,26.9,%
Education,Fréquentation scolaire actuelle,Adolescent.e.s,Goulmou,Garçons,Hôte,Non,47,89,52.8,%
Education,Fréquentation scolaire actuelle,Adolescent.e.s,Goulmou,Garçons,Hôte,Oui,42,89,47.2,%
Education,Fréquentation scolaire actuelle,Adolescent.e.s,Kadiogo,Filles,Hôte,Non,36,111,32.4,%
Education,Fréquentation scolaire actuelle,Adolescent.e.s,Kadiogo,Filles,Hôte,Oui,75,111,67.6,%
Education,Fréquentation scolaire actuelle,Adolescent.e.s,Kadiogo,Garçons,Hôte,Non,67,165,40.6,%
Education,Fréquentation scolaire actuelle,Adolescent.e.s,Kadiogo,Garçons,Hôte,Oui,98,165,59.4,%
Education,Fréquentation scolaire actuelle,Adolescent.e.s,Koulsé,Filles,Déplacé.e interne,Non,46,61,75.4,%
Education,Fréquentation scolaire actuelle,Adolescent.e.s,Koulsé,Filles,Déplacé.e interne,Oui,15,61,24.6,%
Education,Fréquentation scolaire actuelle,Adolescent.e.s,Koulsé,Filles,Hôte,Non,47,88,53.4,%
Education,Fréquentation scolaire actuelle,Adolescent.e.s,Koulsé,Filles,Hôte,Oui,41,88,46.6,%
Education,Fréquentation scolaire actuelle,Adolescent.e.s,Koulsé,Garçons,Déplacé.e interne,Non,56,65,86.2,%
Education,Fréquentation scolaire actuelle,Adolescent.e.s,Koulsé,Garçons,Déplacé.e interne,Oui,9,65,13.8,%
Education,Fréquentation scolaire actuelle,Adolescent.e.s,Koulsé,Garçons,Hôte,Non,61,95,64.2,%
Education,Fréquentation scolaire actuelle,Adolescent.e.s,Koulsé,Garçons,Hôte,Oui,34,95,35.8,%
Education,Fréquentation scolaire actuelle,Adolescent.e.s,Liptako,Filles,Déplacé.e interne,Non,33,38,86.8,%
Education,Fréquentation scolaire actuelle,Adolescent.e.s,Liptako,Filles,Déplacé.e interne,Oui,5,38,13.2,%
Education,Fréquentation scolaire actuelle,Adolescent.e.s,Liptako,Filles,Hôte,Non,44,73,60.3,%
Education,Fréquentation scolaire actuelle,Adolescent.e.s,Liptako,Filles,Hôte,Oui,29,73,39.7,%
Education,Fréquentation scolaire actuelle,Adolescent.e.s,Liptako,Filles,Retour volontaire,Non,1,3,33.3,%
Education,Fréquentation scolaire actuelle,Adolescent.e.s,Liptako,Filles,Retour volontaire,Oui,2,3,66.7,%
Education,Fréquentation scolaire actuelle,Adolescent.e.s,Liptako,Garçons,Déplacé.e interne,Non,40,48,83.3,%
Education,Fréquentation scolaire actuelle,Adolescent.e.s,Liptako,Garçons,Déplacé.e interne,Oui,8,48,16.7,%
Education,Fréquentation scolaire actuelle,Adolescent.e.s,Liptako,Garçons,Hôte,Non,35,61,57.4,%
Education,Fréquentation scolaire actuelle,Adolescent.e.s,Liptako,Garçons,Hôte,Oui,26,61,42.6,%
Education,Fréquentation scolaire actuelle,Adolescent.e.s,Liptako,Garçons,Retour volontaire,Non,1,1,100.0,%
Education,Fréquentation scolaire actuelle,Adolescent.e.s,Nakambé,Filles,Déplacé.e interne,Non,39,57,68.4,%
Education,Fréquentation scolaire actuelle,Adolescent.e.s,Nakambé,Filles,Déplacé.e interne,Oui,18,57,31.6,%
Education,Fréquentation scolaire actuelle,Adolescent.e.s,Nakambé,Filles,Hôte,Non,30,82,36.6,%
Education,Fréquentation scolaire actuelle,Adolescent.e.s,Nakambé,Filles,Hôte,Oui,52,82,63.4,%
Education,Fréquentation scolaire actuelle,Adolescent.e.s,Nakambé,Garçons,Déplacé.e interne,Non,50,59,84.7,%
Education,Fréquentation scolaire actuelle,Adolescent.e.s,Nakambé,Garçons,Déplacé.e interne,Oui,9,59,15.3,%
Education,Fréquentation scolaire actuelle,Adolescent.e.s,Nakambé,Garçons,Hôte,Non,54,94,57.4,%
Education,Fréquentation scolaire actuelle,Adolescent.e.s,Nakambé,Garçons,Hôte,Oui,40,94,42.6,%
Education,Fréquentation scolaire actuelle,Adolescent.e.s,Yaadga,Filles,Déplacé.e interne,Non,56,68,82.4,%
Education,Fréquentation scolaire actuelle,Adolescent.e.s,Yaadga,Filles,Déplacé.e interne,Oui,12,68,17.6,%
Education,Fréquentation scolaire actuelle,Adolescent.e.s,Yaadga,Filles,Hôte,Non,58,103,56.3,%
Education,Fréquentation scolaire actuelle,Adolescent.e.s,Yaadga,Filles,Hôte,Oui,45,103,43.7,%
Education,Fréquentation scolaire actuelle,Adolescent.e.s,Yaadga,Filles,Retour volontaire,Non,1,1,100.0,%
Education,Fréquentation scolaire actuelle,Adolescent.e.s,Yaadga,Garçons,Déplacé.e interne,Non,61,75,81.3,%
Education,Fréquentation scolaire actuelle,Adolescent.e.s,Yaadga,Garçons,Déplacé.e interne,Oui,14,75,18.7,%
Education,Fréquentation scolaire actuelle,Adolescent.e.s,Yaadga,Garçons,Hôte,Non,70,100,70.0,%
Education,Fréquentation scolaire actuelle,Adolescent.e.s,Yaadga,Garçons,Hôte,Oui,30,100,30.0,%
